<?xml version="1.0" encoding="utf-8"?>
<!DOCTYPE hibernate-mapping PUBLIC "-//Hibernate/Hibernate Mapping DTD 3.0//EN"
"http://hibernate.sourceforge.net/hibernate-mapping-3.0.dtd">

<hibernate-mapping>
	<class name="com.bean.Article" table="article" catalog="storyfm">
		<id name="article_id" type="java.lang.Integer">
			<column name="article_id"></column>
			<generator class="identity"></generator>
		</id>
		<property name="outline" type="java.lang.String">
			<column name="outline" length="20" not-null="false"></column>
		</property>
		<property name="title" type="java.lang.String">
			<column name="title" length="20" not-null="false"></column>
		</property>
		<many-to-one name="journal" class="com.bean.Journal" 
		column="journal_id" not-null="true" cascade="all"></many-to-one>
		<set name="chapters" inverse="true" cascade="all">
			<key column="article_id"></key>
			<one-to-many class="com.bean.Chapter"></one-to-many>
		</set>
	</class>
</hibernate-mapping>