<?xml version="1.0" encoding="utf-8"?>
<!DOCTYPE hibernate-mapping PUBLIC "-//Hibernate/Hibernate Mapping DTD 3.0//EN"
"http://hibernate.sourceforge.net/hibernate-mapping-3.0.dtd">

<hibernate-mapping>
	<class name="com.bean.User" table="user" catalog="storyfm">
		<id name="userid" type="java.lang.Integer">
			<column name="userid"></column>
			<generator class="increment"></generator>
		</id>
		<property name="username" type="java.lang.String">
			<column name="username" length="20" not-null="true"></column>
		</property>
		<property name="password" type="java.lang.String">
			<column name="password" length="20" not-null="true"></column>
		</property>
		<property name="email" type="java.lang.String">
			<column name="email" length="50" not-null="false"></column>
		</property>
		<property name="note" type="java.lang.String">
			<column name="note" length="500" not-null="false"></column>
		</property>
		<property name="admin" type="java.lang.Boolean">
			<column name="admin" not-null="false"></column>
		</property>
		<set name="paragraphs" inverse="true" cascade="all">
			<key column="paragraph_id"></key>
			<one-to-many class="com.bean.Paragraph"></one-to-many>
		</set>
	</class>
</hibernate-mapping>