<?xml version="1.0" encoding="UTF-8" ?>
<!DOCTYPE struts PUBLIC "-//Apache Software Foundation//DTD Struts Configuration 2.1//EN" "http://struts.apache.org/dtds/struts-2.1.dtd">
<struts>
	<constant name="struts.objectFactory" value="spring"></constant>
	<constant name="struts.devMode" value="false" />
	<package name="user"  extends="struts-default">
		<action name="login" class="loginAction">
			<result name="success" type="redirectAction">listJournal</result>
			<result name="input">/wellcome.jsp</result>
		</action>
		<action name="saveNote" class="saveNoteAction">
			<result name="success" type="redirectAction">showArticle?article_id=${article_id}&amp;chapter_id=${chapter_id}</result>
			<result name="input">/wellcome.jsp</result>
		</action>
		<action name="logout" class="logoutAction">
			<result name="success">/wellcome.jsp</result>
		</action>
		<action name="enroll" class="enrollAction">
			<result name="success" type="redirectAction">listJournal</result>
			<result name="input">/wellcome.jsp</result>
		</action>
		<action name="userManage" class="userManageAction">
			<result name="success">/user.jsp</result>
		</action>
		<action name="modifyUserInfo" class="modifyUserInfoAction">
			<result name="success" type="chain">userManage</result>
			<result name="input" type="chain">userManage</result>
		</action>
		<action name="showParagraph" class="showParagraphAction">
			<result name="success">/paragraph.jsp</result>
		</action>
		<!-- 
		<action name="enrollAction" class="EnrollAction">
			<result name="success">/login.jsp</result>
			<result name="input">/enroll.jsp</result>
		</action>
		<action name="login" class="Login">
			<result name="success">/Article_List.jsp</result>
			<result name="input">/login.jsp</result>
		</action>
		 -->
	</package>
	<package name="journal" extends="struts-default">
		<action name="listJournal" class="listJournalAction">
			<result>/Article_List.jsp</result>
		</action>
		<action name="addJournal" class="addJournalAction">
			<result name="success" type="redirectAction">listJournal</result>
		</action>
		<action name="deleteJournal" class="deleteJournalAction">
			<result name="success" type="redirectAction">listJournal</result>
		</action>
		<action name="editJournal" class="editJournalAction">
			<result name="success" type="redirectAction">listJournal?journal_id=${journal_id}</result>
		</action>
		<action name="showArticle" class="showArticleAction">
			<result name="success">Article.jsp</result>
		</action>
		<action name="addParagraph" class="addParagraphAction">
			<result name="success" type="redirectAction">showArticle?article_id=${article_id}&amp;chapter_id=${chapter_id}</result>
			<result name="input">/wellcome.jsp</result>
		</action>
		<action name="modifyParagraph" class="modifyParagraphAction">
			<result name="success" type="redirectAction">userManage</result>
			<result name="input">/wellcome.jsp</result>
		</action>
		<action name="deleteParagraph" class="deleteParagraphAction">
			<result name="success" type="redirectAction">userManage</result>
			<result name="input">/wellcome.jsp</result>
		</action>
	</package>
</struts>    
